[{
	"qrCode": "materialID0",
	"materialName": "Gracia Leather - Top Grain",
	"batchNumber": "B00RWSC2MW0",
	"weight": "100kg",
	"quantity": "35",
	"quality": "Top Grain",
	"color": "Brown",
	"productionDate": "10/10/2010",
	"registeredDate": "10/09/2010",
	"trackDetails": {
		"currentlyAt": "DTDC",
		"trackRecord": []
	},
	"shippedOn": "10/10/2011",
	"shippedFrom": "Raw Material Producer(FODERFIL SRL)"
}, {
	"qrCode": "materialID1",
	"materialName": "Leather - Top Grain",
	"batchNumber": "B00RWSC2MW1",
	"weight": "100kg",
	"quantity": "200",
	"quality": "Top Grain",
	"color": "Brown",
	"productionDate": "10/10/2010",
	"registeredDate": "10/09/2010",
	"trackDetails": {
		"currentlyAt": "DTDC",
		"trackRecord": []
	},
	"shippedOn": "10/10/2011",
	"shippedFrom": "Raw Material Producer(Nick)"
}, {
	"qrCode": "materialID2",
	"materialName":"Buckle - Rose Gold finish",
	"batchNumber": "B00RWSC2MW2",
	"weight": "100kg",
	"quantity": "200",
	"quality": "Top Grain",
	"color": "Brown",
	"productionDate": "10/10/2010",
	"registeredDate": "10/09/2010",
	"trackDetails": {
		"currentlyAt": "DTDC",
		"trackRecord": []
	},
	"shippedOn": "10/10/2011",
	"shippedFrom": "Raw Material Producer(Justin)"
}, {
	"qrCode": "materialID3",
	"materialName": "Leather - Top Grain",
	"batchNumber": "B00RWSC2MW3",
	"weight": "100kg",
	"quantity": "200",
	"quality": "Top Grain",
	"color": "Brown",
	"productionDate": "10/10/2010",
	"registeredDate": "10/09/2010",
	"trackDetails": {
		"currentlyAt": "DTDC",
		"trackRecord": []
	},
	"shippedOn": "10/10/2011",
	"shippedFrom": "Raw Material Producer(Shamim)"
}, {
	"qrCode": "materialID4",
	"materialName": "Leather - Top Grain",
	"batchNumber": "B00RWSC2MW4",
	"weight": "100kg",
	"quantity": "200",
	"quality": "Top Grain",
	"color": "Brown",
	"productionDate": "10/10/2010",
	"registeredDate": "10/09/2010",
	"trackDetails": {
		"currentlyAt": "DTDC",
		"trackRecord": []
	},
	"shippedOn": "10/10/2011",
	"shippedFrom": "Raw Material Producer(Mridul)"
}]