{
    "data": {
        "product": {
            "isShipped": "yes",
            "name": "Handbag",
            "mfgDate": "1/1/2016",
            "receivedDate": "1/1/2016",
            "items": [
                {
                    "name": "Garcia leather",
                    "mfgDate": "3/1/2016",
                    "shipmentDate": "4/1/2016",
                    "receivedDate": "7/1/2016",
                    "loc": "Florence, Italy",
                    "recLoc": "Florida"
                },
                {
                    "name": "Buckle",
                    "mfgDate": "3/1/2016",
                    "shipmentDate": "4/1/2016",
                    "receivedDate": "7/1/2016",
                    "loc": "Florence, Italy",
                    "recLoc": "Florida"
                }
            ]
        }
    }
}